"","config","activation","alpha","hidden_layer_sizes","max_iter","solver","rpt","mean_test_score","std_test_score","train_cpu_duration","train_runtime_duration","train_cpu_meter_result","train_dram_meter_result","test_cpu_duration","test_runtime_duration","test_cpu_meter_result","test_dram_meter_result","test_accuracy_result","DominanceCount","PF"
"620",1442,"relu",5e-04,"(2,)",100,"lbfgs",14.5,0.866763425253991,0.0322898352829841,0.0637073315010639,0.0637022256851196,3668020.5,0,0.161612125499232,0.161597728729248,9298011,0,0.920454545454545,0,1
"628",98,"logistic",0.002,"(2,)",100,"lbfgs",14.5,0.878301886792453,0.0389321375421947,0.0543204754940234,0.0543187856674194,3121880,0,0.117945431498811,0.117940783500671,6901746,0,0.909090909090909,0,1
"811",497,"logistic",1e-04,"(5,)",200,"lbfgs",14.5,0.863207547169811,0.029818682731374,0.0235794600012014,0.0235780477523804,1366055.5,0,0.122519686512533,0.122508883476257,7110485.5,0,0.875,0,1
"813",1073,"tanh",1e-04,"(5,)",200,"lbfgs",14.5,0.886066763425254,0.0312366933000049,0.0276437375432579,0.0276420116424561,1617886,0,0.124249023501761,0.124238133430481,7181042.5,0,0.897727272727273,0,1
"888",1028,"tanh",2e-04,"(100,)",400,"lbfgs",14.5,0.88577648766328,0.0467055414884628,1.41385801600336,0.0883638858795166,7663616,0,7.68720873400162,0.480420351028442,41594711.5,0,0.943181818181818,0,1
"901",488,"logistic",1e-04,"(2,)",400,"lbfgs",14.5,0.855370101596517,0.0460933323659843,0.0212678845273331,0.0212666988372803,1242123,0,0.11622941904352,0.116219401359558,6721907,0,0.852272727272727,0,1
"905",1544,"relu",2e-04,"(2,)",400,"lbfgs",14.5,0.851741654571843,0.0137911538896073,0.316989859478781,0.316965341567993,18319656,0,0.162862116005272,0.162847757339478,9394934.5,0,0.931818181818182,0,1
