"","config","activation","alpha","hidden_layer_sizes","max_iter","solver","rpt","mean_test_score","std_test_score","train_cpu_duration","train_runtime_duration","train_cpu_meter_result","train_dram_meter_result","test_cpu_duration","test_runtime_duration","test_cpu_meter_result","test_dram_meter_result","test_accuracy_result","DominanceCount","PF"
"723",1085,"tanh",1e-04,"(10,)",200,"lbfgs",14.5,0.874310595065312,0.0494905277091302,0.452712245984003,0.0283212661743164,2454766.5,0,2.96106905900524,0.185055375099182,15811788.5,0,0.920454545454545,0,1
"811",497,"logistic",1e-04,"(5,)",200,"lbfgs",14.5,0.863207547169811,0.029818682731374,0.0235794600012014,0.0235780477523804,1366055.5,0,0.122519686512533,0.122508883476257,7110485.5,0,0.875,0,1
"813",1073,"tanh",1e-04,"(5,)",200,"lbfgs",14.5,0.886066763425254,0.0312366933000049,0.0276437375432579,0.0276420116424561,1617886,0,0.124249023501761,0.124238133430481,7181042.5,0,0.897727272727273,0,1
"888",1028,"tanh",2e-04,"(100,)",400,"lbfgs",14.5,0.88577648766328,0.0467055414884628,1.41385801600336,0.0883638858795166,7663616,0,7.68720873400162,0.480420351028442,41594711.5,0,0.943181818181818,0,1
"901",488,"logistic",1e-04,"(2,)",400,"lbfgs",14.5,0.855370101596517,0.0460933323659843,0.0212678845273331,0.0212666988372803,1242123,0,0.11622941904352,0.116219401359558,6721907,0,0.852272727272727,0,1
"919",524,"logistic",1e-04,"(20,)",400,"lbfgs",14.5,0.874383164005806,0.0460343406321929,1.33682898100233,0.0839382410049438,7232342.5,0,3.17997253150679,0.202239036560059,17179704.5,0,0.931818181818182,0,1
