"","config","activation","alpha","hidden_layer_sizes","max_iter","solver","rpt","mean_test_score","std_test_score","train_cpu_duration","train_runtime_duration","train_cpu_meter_result","train_dram_meter_result","test_cpu_duration","test_runtime_duration","test_cpu_meter_result","test_dram_meter_result","test_accuracy_result","DominanceCount","PF"
"482",586,"tanh",0.001,"(2,)",800,"adam",14.5,0.981818181818182,0.0222680885707561,0.341745577003167,0.341713666915894,19602550.5,0,0.130157724001037,0.130214810371399,7469799.5,0,0.947368421052632,0,1
"904",392,"logistic",2e-04,"(2,)",400,"lbfgs",14.5,0.911067193675889,0.0780269590973696,0.0974819170014598,0.0975056886672974,5570939.5,0,0.130159029999959,0.130147457122803,7462658,0,1,0,1
"914",584,"tanh",0.001,"(2,)",400,"lbfgs",14.5,0.945454545454546,0.0668042657122685,0.180886854504934,0.180872678756714,10364658.5,0,0.130210382507357,0.130198836326599,7473309,0,1,0,1
"1341",867,"tanh",5e-04,"(2,)",200,"sgd",14.5,0.526482213438735,0.0629514115804329,0.0784369965113001,0.0784299373626709,4499256,0,0.130004570002711,0.130013108253479,7465618.5,0,0.736842105263158,0,1
"1629",873,"tanh",5e-04,"(2,)",800,"sgd",14.5,0.695256916996047,0.0910670564338009,0.307251144509337,0.307222723960876,17607193.5,0,0.130089798498375,0.130078434944153,7457653.5,0,0.578947368421053,0,1
