"","config","activation","alpha","hidden_layer_sizes","max_iter","solver","rpt","mean_test_score","std_test_score","train_cpu_duration","train_runtime_duration","train_cpu_meter_result","train_dram_meter_result","test_cpu_duration","test_runtime_duration","test_cpu_meter_result","test_dram_meter_result","test_accuracy_result","DominanceCount","PF"
"475",298,"logistic",5e-04,"(2,)",800,"adam",14.5,0.813642960812772,0.0456813266612113,0.578085547022056,0.578034400939941,33350561.5,0,0.115651751984842,0.115641474723816,6681104.5,0,0.840909090909091,0,1
"628",98,"logistic",0.002,"(2,)",100,"lbfgs",14.5,0.878301886792453,0.0389321375421947,0.0543204754940234,0.0543187856674194,3121880,0,0.117945431498811,0.117940783500671,6901746,0,0.909090909090909,0,1
"629",1250,"relu",0.002,"(2,)",100,"lbfgs",14.5,0.851451378809869,0.0534343987483032,0.0670980219874764,0.0670924186706543,3835043,0,0.16073090199643,0.160716533660889,9196052,0,0.920454545454545,0,1
"767",197,"logistic",0.001,"(2,)",200,"lbfgs",14.5,0.866908563134978,0.0560345010717615,0.10137132849195,0.101362347602844,5886764.5,0,0.115992435501539,0.115982294082642,6747053,0,0.897727272727273,0,1
"888",1028,"tanh",2e-04,"(100,)",400,"lbfgs",14.5,0.88577648766328,0.0467055414884628,1.41385801600336,0.0883638858795166,7663616,0,7.68720873400162,0.480420351028442,41594711.5,0,0.943181818181818,0,1
"905",1544,"relu",2e-04,"(2,)",400,"lbfgs",14.5,0.851741654571843,0.0137911538896073,0.316989859478781,0.316965341567993,18319656,0,0.162862116005272,0.162847757339478,9394934.5,0,0.931818181818182,0,1
"1048",395,"logistic",2e-04,"(2,)",800,"lbfgs",14.5,0.859143686502177,0.0430012460259511,0.0286029284470715,0.0286010503768921,1651393.5,0,0.11570240999572,0.115692377090454,6686781,0,0.875,0,1
